ID,NAME,AGE,MATCH_NAME,RAW_AGE,MATCH_URL
13400/1,DATUK DR. SABIRIN BIN JA'AFAR,,datuk-dr.-sabirin-bin-ja'afar,,testdata/13400/sabirin-ja`afar.html
13400/2,USTAZ NASIR OTHMAN,,ustaz-nasir-othman,,testdata/13400/nasir-othman.html
13400/3,MAS ERMIEYATI,,mas-ermieyati,,testdata/13400/mas-ermieyati-samsudin.html
13500/1,NAZREE ARIS,,nazree-aris,,testdata/13500/mohammad-nazree-mohammad-aris.html
13500/2,MOHD REDZUAN YUSOF (PAK WAN ),,mohd-redzuan-yusof-(pak-wan-),,testdata/13500/mohd-redzuan-yusof.html
13500/3,WONG NAI CHEE,,wong-nai-chee,,testdata/13500/wong-nai-chee.html
13600/1,PROF. MADYA RUSNAH,,prof.-madya-rusnah,,testdata/13600/rusnah-aluai.html
13600/2,DATUK ZALI MAT YASIN.,,datuk-zali-mat-yasin.,,testdata/13600/zali-mat-yasin.html
13600/3,TUAN GURU UST ZULKIFLI ISMAIL,,tuan-guru-ust-zulkifli-ismail,,testdata/13600/zulkifli-ismail.html
13700/1,SHAMSUL ISKANDAR HAJI MOHD AKIN,,shamsul-iskandar-haji-mohd-akin,,testdata/13700/shamsul-iskandar-mohd-akin.html
13700/2,TAN SRI HJ MOHD ALI BIN MOHD RUSTAM,,tan-sri-hj-mohd-ali-bin-mohd-rustam,,testdata/13700/mohd-ali-rustam.html
13700/3,DR KHALID KASSIM,,dr-khalid-kassim,,testdata/13700/md-khalid-kassim.html
13800/1,ERIC CHOO WEI SERN,,eric-choo-wei-sern,,testdata/13800/choo-wei-sern.html
13800/2,KHOO POAY TIONG,,khoo-poay-tiong,,testdata/13800/khoo-poay-tiong.html
13800/3,GOH LEONG SAN,,goh-leong-san,,testdata/13800/goh-leong-san.html
13900/1,KHAIRUDDIN ABU HASSAN,,khairuddin-abu-hassan,,testdata/13900/khairuddin-abu-hassan.html
13900/2,ABD. ALIM SHAPIE,,abd.-alim-shapie,,testdata/13900/abd-alim-shapie.html
13900/3,DATUK SERI HAJI AHMAD HAMZAH,,datuk-seri-haji-ahmad-hamzah,,testdata/13900/ahmad-hamzah.html
