ID,NAME,AGE,MATCH_NAME,RAW_AGE,MATCH_URL
07800/1,MANOGARAN,,manogaran,,testdata/07800/manogaran.html
07800/2,CIKGU WAN MAHADIR,,cikgu-wan-mahadir,,
07800/3,DATO' SIVARRAAJH CHANDRAN,,dato'-sivarraajh-chandran,,testdata/07800/dato'-sivarraajh-chandran.html
07800/4,USTAZ TAHIR,,ustaz-tahir,,testdata/07800/ustaz-tahir.html
07800/5,SURESH KUMAR,,suresh-kumar,,testdata/07800/suresh-kumar.html
07900/1,DATO BADARUDIN ABD RAHAMAN,,dato-badarudin-abd-rahaman,,testdata/07900/dato-badarudin-abd-rahaman.html
07900/2,ABDUL RAHMAN BIN MOHAMAD,,abdul-rahman-bin-mohamad,,testdata/07900/abdul-rahman-bin-mohamad.html
07900/3,CIKGU HJ SOBIRIN BIN HJ DULI,,cikgu-hj-sobirin-bin-hj-duli,,
08000/1,TENGKU ZULPURI SHAH,,tengku-zulpuri-shah,,testdata/08000/tengku-zulpuri-shah.html
08000/2,CHEW MEI FUN,,chew-mei-fun,,testdata/08000/chew-mei-fun.html
08000/3,DR MOHAMED NILAM,,dr-mohamed-nilam,,testdata/08000/dr-mohamed-nilam.html
08100/1,DATO' AHMAD NAZLAN,,dato'-ahmad-nazlan,,testdata/08100/dato'-ahmad-nazlan.html
08100/2,USTAZ YOHANIS AHMAD,,ustaz-yohanis-ahmad,,testdata/08100/ustaz-yohanis-ahmad.html
08100/3,WAN MOHD SHAHRIR,,wan-mohd-shahrir,,testdata/08100/wan-mohd-shahrir.html
08200/1,DATO' DR JOHAN BIN MAT SAH,,dato'-dr-johan-bin-mat-sah,,testdata/08200/dato'-dr-johan-bin-mat-sah.html
08200/2,USTAZ NASRUDIN HASSAN TANTAWI,,ustaz-nasrudin-hassan-tantawi,,testdata/08200/ustaz-nasrudin-hassan-tantawi.html
08200/3,DATO' SAIFUDDIN ABDULLAH,,dato'-saifuddin-abdullah,,testdata/08200/dato'-saifuddin-abdullah.html
08300/1,CIKGU SULAIMAN MD DERUS,,cikgu-sulaiman-md-derus,,testdata/08300/cikgu-sulaiman-md-derus.html
08300/2,FUZIAH SALLEH,,fuziah-salleh,,testdata/08300/fuziah-salleh.html
08300/3,DATO' WONG KEAN HWEE,,dato'-wong-kean-hwee,,testdata/08300/dato'-wong-kean-hwee.html
08400/1,MOHD ASHRAF MUSTAQIM,,mohd-ashraf-mustaqim,,testdata/08400/mohd-ashraf-mustaqim.html
08400/2,MOHD SHAHAR BIN ABDULLAH,,mohd-shahar-bin-abdullah,,testdata/08400/mohd-shahar-bin-abdullah.html
08400/3,MOHAMAD AZHAR BIN MOHD NOOR,,mohamad-azhar-bin-mohd-noor,,testdata/08400/mohamad-azhar-bin-mohd-noor.html
08500/1,MUHD ZAHID MD ARIP,,muhd-zahid-md-arip,,testdata/08500/muhd-zahid-md-arip.html
08500/2,DATO' SRI MOHD NAJIB BIN TUN ABD RAZAK,,dato'-sri-mohd-najib-bin-tun-abd-razak,,testdata/08500/dato'-sri-mohd-najib-bin-tun-abd-razak.html
08500/3,ABD KADIR BIN SAINUDIN,,abd-kadir-bin-sainudin,,testdata/08500/abd-kadir-bin-sainudin.html
08500/4,KAPT (B) AHIATUDIN BIN DAUD,,kapt-(b)-ahiatudin-bin-daud,,
08600/1,CIKGU HASENAN HARON,,cikgu-hasenan-haron,,testdata/08600/cikgu-hasenan-haron.html
08600/2,DATO' SRI DR HJ ISMAIL BIN HJ ABD MUTTALIB,,dato'-sri-dr-hj-ismail-bin-hj-abd-muttalib,,testdata/08600/dato'-sri-dr-hj-ismail-bin-hj-abd-muttalib.html
08600/3,AHMAD FARID BIN AHMAD NORDIN,,ahmad-farid-bin-ahmad-nordin,,testdata/08600/ahmad-farid-bin-ahmad-nordin.html
08700/1,MOHAMAD RAFIDEE,,mohamad-rafidee,,testdata/08700/mohamad-rafidee.html
08700/2,USTAZ HAJI KAMAL BIN ASHAARI,,ustaz-haji-kamal-bin-ashaari,,testdata/08700/ustaz-haji-kamal-bin-ashaari.html
08700/3,DATO' SRI HAJI ISMAIL BIN HAJI MOHAMED SAID,,dato'-sri-haji-ismail-bin-haji-mohamed-said,,testdata/08700/dato'-sri-haji-ismail-bin-haji-mohamed-said.html
08800/1,KHAIDIR AHMAD,,khaidir-ahmad,,testdata/08800/khaidir-ahmad.html
08800/2,MUHD FAKHRUDIN B ABU HANIPAH,,muhd-fakhrudin-b-abu-hanipah,,
08800/3,DATO' SRI HAJI MOHD SHARKAR BIN HAJI SHAMSUDIN,,dato'-sri-haji-mohd-sharkar-bin-haji-shamsudin,,testdata/08800/dato'-sri-haji-mohd-sharkar-bin-haji-shamsudin.html
08800/4,HAJI MD JUSOH BIN DARUS,,haji-md-jusoh-bin-darus,,testdata/08800/haji-md-jusoh-bin-darus.html
08800/5,HJ ANUAR TAHIR,,hj-anuar-tahir,,testdata/08800/hj-anuar-tahir.html
