07801,HO CHI YANG,L,2022,http://pru.sinarharian.com.my/calon/8182/ho-chi-yang
07801,WONG YAP WAH,L,2022,http://pru.sinarharian.com.my/calon/8170/wong-yap-wah
07801,LAI CHII,L,2022,http://pru.sinarharian.com.my/calon/8241/lai-chii-wen
07802,ISMAIL BIN MOHD HUSSIN,L,2022,http://pru.sinarharian.com.my/calon/8242/ismail-bin-mohd-hussin
07802,DATO' SRI WAN ROSDY BIN WAN ISMAIL,L,64,http://pru.sinarharian.com.my/calon/1096/wan-rosdy-wan-ismail
07802,DR. ABDUL RASID,L,2022,http://pru.sinarharian.com.my/calon/2033/abdul-rasid
07903,RUZI @ NATA BIN YUSUFF,L,2022,http://pru.sinarharian.com.my/calon/8263/ruzi-nata-yusuff
07903,MUSTAPA LONG,L,61,http://pru.sinarharian.com.my/calon/1097/mustapa-long
07903,MOHD ROSTAM BIN MUSTAPHA,L,2022,http://pru.sinarharian.com.my/calon/8270/mohd-rostam-bin-mustapha
07903,KHAIDER KAMIL,L,2022,http://pru.sinarharian.com.my/calon/8266/khaider-kamil
07904,TUAN IBRAHIM,L,62,http://pru.sinarharian.com.my/calon/5364/tuan-ibrahim-tuan-man
07904,RASID BIN MUHAMAD,L,22,http://pru.sinarharian.com.my/calon/5345/rasid-muhamad
07904,AISHATON BINTI ABU BAKAR,P,2022,http://pru.sinarharian.com.my/calon/4096/aishaton-abu-bakar
07904,HO FONG MEE,L,58,http://pru.sinarharian.com.my/calon/8273/ho-fong-mee
07905,RIZAL BIN JAMIN,L,2022,http://pru.sinarharian.com.my/calon/3405/rizal-jamin
07905,DATO SRI SOFFI TAN SRI RAZAK,L,2022,http://pru.sinarharian.com.my/calon/470/mohd-soffi-abd-razak
07905,CIKGU EMBONG LIAS,L,2022,http://pru.sinarharian.com.my/calon/8304/embong-lias
08006,ABD AZIZ BIN MAT KIRAM,L,2022,http://pru.sinarharian.com.my/calon/8312/shahuddin-bin-abdul-rahman
08006,SHAHUDDIN BIN ABDUL RAHMAN,L,2022,http://pru.sinarharian.com.my/calon/8312/shahuddin-bin-abdul-rahman
08006,AHMAD SABRI BIN MAT DUI,L,2022,http://pru.sinarharian.com.my/calon/8318/ahmad-sabri-bin-mat-dui
08007,TENGKU ZULPURI SHAH BIN RAJA PUJI,L,58,http://pru.sinarharian.com.my/calon/3849/tengku-zulpuri-shah-raja-puji
08007,AMIRUL KUEK,L,2022,http://pru.sinarharian.com.my/calon/8327/amirul-mukminin-kuek-abdullah
08007,LIM TECK HOE,L,46,http://pru.sinarharian.com.my/calon/8320/lim-teck-hoe
08007,USTAZ TAHIR,L,2022,http://pru.sinarharian.com.my/calon/6598/mohd-tahir-kassim
08008,FADZLI BIN MOHAMAD KAMAL,L,2022,http://pru.sinarharian.com.my/calon/8340/fadzli-bin-mohamad-kamal
08008,MOHD JAWAAD,L,2022,http://pru.sinarharian.com.my/calon/8349/mohd-abd-jawaad-abd-ghafar-razmin
08008,TENGKU AMIR,L,2022,http://pru.sinarharian.com.my/calon/2761/tengku-shah-amir-tengku-perang
08109,TALIB TAHAR,L,2022,http://pru.sinarharian.com.my/calon/8375/mohd-abd-talib-mohd-tahar
08109,FAEZAH ISHAK,P,2022,http://pru.sinarharian.com.my/calon/8370/faezah-ishak
08109,USTAZ ZAKUAN,L,,
08110,FASAL JAMLUS,L,2022,http://pru.sinarharian.com.my/calon/8380/muhamad-fasal-jamlus
08110,MOHAMAD RAFLY BIN MOHD SATAR,L,2022,http://pru.sinarharian.com.my/calon/8386/mohamad-rafly-bin-mohd-satar
08110,IZZUDDIN BIN ISMAIL,L,2022,http://pru.sinarharian.com.my/calon/8393/izzuddin-bin-ismail
08110,ZURIDAN BIN MOHD DAUD,L,51,http://pru.sinarharian.com.my/calon/6631/zuridan-mohd-daud
08111,NORANI IJAM,L,2022,http://pru.sinarharian.com.my/calon/8402/norani-ijam
08111,MOHD ROSIDI BIN HASSAN,L,2022,http://pru.sinarharian.com.my/calon/8406/ridzuan-bin-mansor
08111,DATO' RIDZUAN BIN MANSOR,L,2022,http://pru.sinarharian.com.my/calon/8406/ridzuan-bin-mansor
08111,USTAZ YOHANIS,L,2022,http://pru.sinarharian.com.my/calon/2763/yohanis-ahmad
08111,DATO' HJ. NAZRI BIN NGAH,L,2022,http://pru.sinarharian.com.my/calon/8406/ridzuan-bin-mansor
08212,HAJI ZULKIFLI MOHAMED,L,2022,http://pru.sinarharian.com.my/calon/7750/zulkifli-mohamed
08212,JOSEPH TANG,L,2022,http://pru.sinarharian.com.my/calon/7773/joseph-yang-sain-yew
08212,DATO' INDERA HAJI MUSTAFFAR KAMAL BIN HAJI AB HAMID,L,2022,http://pru.sinarharian.com.my/calon/7755/mustaffar-kamal-ab-hamid
08212,ANDANSURA RABU,L,2022,http://pru.sinarharian.com.my/calon/2764/andansura-rabu
08212,CIKGU MOHD PAUZI,L,2022,http://pru.sinarharian.com.my/calon/7770/mohd-pauzi-taib
08213,CHAN CHUN KUANG,L,2022,http://pru.sinarharian.com.my/calon/7723/chan-chun-kuang
08213,HAJI KHAIRUL HISHAM B. OMAR,L,2022,http://pru.sinarharian.com.my/calon/7727/khairul-hisham-omar
08213,ZULFADLI ZAKARIAH,L,2022,http://pru.sinarharian.com.my/calon/7730/zulfadhli-zakariah
08213,DR RASHIDAH BINTI ABDUL RAHMAN,P,2022,http://pru.sinarharian.com.my/calon/7740/rashidah-abdul-rahman
08314,MISTY@TEE CHOON SER,P,41,http://pru.sinarharian.com.my/calon/5937/tee-choon-ser
08314,RANNDY YAP,L,2022,http://pru.sinarharian.com.my/calon/8418/ranndy-yap
08314,KHAIRUL AFIFIE BIN ABDULLAH,L,2022,http://pru.sinarharian.com.my/calon/8423/khairul-afifie-bin-abdullah
08314,SIM CHON SIANG,L,2022,http://pru.sinarharian.com.my/calon/3409/sim-chon-siang
08315,USTAZ ROSLI ABDUL JABAR,L,2022,http://pru.sinarharian.com.my/calon/2339/rosli-abdul-jabar
08315,NARA NORDIN,L,2022,http://pru.sinarharian.com.my/calon/8425/nara-nordin
08315,AB 'ALIM BIN RUSLAM AHMAD,L,2022,http://pru.sinarharian.com.my/calon/5621/sabrina-md-yusof
08315,HAJAH SABRINA,P,2022,http://pru.sinarharian.com.my/calon/5621/sabrina-md-yusof
08316,NORASHIKIN BINTI ISMAIL,P,2022,http://pru.sinarharian.com.my/calon/8453/norashikin-binti-ismail
08316,DATO' SRI HAJI SHAFIK FAUZAN BIN SHARIF,L,2022,http://pru.sinarharian.com.my/calon/5943/shafik-fauzan-sharif
08316,HAJI FAKHRUL ANUAR BIN ZULKAWI,L,2022,http://pru.sinarharian.com.my/calon/8453/norashikin-binti-ismail
08316,TOK HAFIZAL,L,2022,http://pru.sinarharian.com.my/calon/8451/mohd-hafizal-mohamed-shah
08417,MEJAR ANUAR TAJUDDIN (B),L,2022,http://pru.sinarharian.com.my/calon/7989/mejar-anuar-tajuddin-b
08417,DATO' HAJI UMOR ARBAIN BIN DOLLAH,L,2022,http://pru.sinarharian.com.my/calon/8247/umor-arbain-bin-dollah
08417,DATO SRI AHMAD OMAR,L,2022,http://pru.sinarharian.com.my/calon/8257/ahmad-omar
08417,AYUB ASHRI,L,2022,http://pru.sinarharian.com.my/calon/8260/ayub-ashri
08418,MOHD YAZID BIN MOHD YUNUS,L,2022,http://pru.sinarharian.com.my/calon/8262/mohd-yazid-bin-mohd-yunus
08418,Ir. ROSMINAHAR,L,2022,http://pru.sinarharian.com.my/calon/8020/rosminahar-bin-mohd-amin
08418,IBROHIM MAZALAN,L,39,http://pru.sinarharian.com.my/calon/8275/ibrohim-mazalan
08418,DATO' ABD RAHIM BIN MUDA,L,2022,http://pru.sinarharian.com.my/calon/8020/rosminahar-bin-mohd-amin
08419,FAUZIAH BINTI ABD WAHAB,P,2022,http://pru.sinarharian.com.my/calon/8289/fauziah-abd-wahab
08419,USTAZ MOHD TARMIZI YAHAYA,L,2022,http://pru.sinarharian.com.my/calon/6190/mohd-tarmizi-yahaya
08419,HASLINDALINA HASHIM,P,2022,http://pru.sinarharian.com.my/calon/8306/haslindalina-hashim
08419,AFIF SYAIROL,L,2022,http://pru.sinarharian.com.my/calon/6649/afif-syairol-abdul-rahim
08520,KHAIRUDDIN BIN MAHMUD,L,2022,http://pru.sinarharian.com.my/calon/1109/khairuddin-mahmud
08520,RAFIQ KHAN,L,2022,http://pru.sinarharian.com.my/calon/8325/mohammad-rafiq-khan-ahmad-khan
08520,KHAIRIL KHALID,L,2022,http://pru.sinarharian.com.my/calon/8334/khairil-khalid
08521,TUGIMON BIN ABDUL HAMID,L,2022,http://pru.sinarharian.com.my/calon/8339/tugimon-abdul-hamid
08521,TENGKU DATO' HISHAM,L,2022,http://pru.sinarharian.com.my/calon/6741/tengku-zainul-hisham-tengku-hussin
08521,MOHAMAD NIZAR BIN MOHAMAD NAJIB,L,44,http://pru.sinarharian.com.my/calon/8353/mohamad-nizar-mohamad-najib
08521,CIKGU TALIB,L,2022,http://pru.sinarharian.com.my/calon/8367/abu-talib-muhammad
08522,IBRAHIM BIN SULAIMAN,L,2022,http://pru.sinarharian.com.my/calon/8400/narzatul-haidar-bin-sakim
08522,NARZATUL HAIDAR BIN SAKIM,L,2022,http://pru.sinarharian.com.my/calon/8400/narzatul-haidar-bin-sakim
08522,MOHAMMAD FAKHRUDDIN BIN MOHD ARIFF,L,2022,http://pru.sinarharian.com.my/calon/8400/narzatul-haidar-bin-sakim
08523,MOHD SHARIM BIN MD ZAIN,L,2022,http://pru.sinarharian.com.my/calon/6740/mohd-sharim-md-zain
08523,MOHAMAD YAZID BIN CHE MAT,L,2022,http://pru.sinarharian.com.my/calon/8413/mohamad-yazid-bin-che-mat
08523,RAZI JALAL,L,2022,http://pru.sinarharian.com.my/calon/8419/fahrur-rozi-jalaluddin
08624,JAMALUDDIN MD. MARZUKI,L,2022,http://pru.sinarharian.com.my/calon/8422/jamaluddin-md-marzuki
08624,MOHD SOFIAN BIN ABD JALIL,L,2022,http://pru.sinarharian.com.my/calon/6576/mohd-sofian-abd-jalil
08624,MOHD. AFANDI ABD. RANI,L,2022,http://pru.sinarharian.com.my/calon/8428/mohd-afandi-abd-rani
08625,JASRI BIN JAMALUDIN,L,53,http://pru.sinarharian.com.my/calon/8438/jasri-bin-jamaludin
08625,KHAIRUDDIN ALI,L,2022,http://pru.sinarharian.com.my/calon/8444/khairuddin-ali
08625,AMRAN BIN TAHIR,L,2022,http://pru.sinarharian.com.my/calon/8448/amran-bin-tahir
08626,SHAM SUKIE,L,2022,http://pru.sinarharian.com.my/calon/8455/sham-sukie
08626,SAIFUL ANUAR MOKHTAR,L,2022,http://pru.sinarharian.com.my/calon/8457/saiful-anuar-mokhtar
08626,USTAZ MUJIBUR RAHMAN,L,2022,http://pru.sinarharian.com.my/calon/2172/mujibur-rahman-ishak
08727,MOHAMAD HAFEZ BIN HARUN,L,2022,http://pru.sinarharian.com.my/calon/8463/mohamad-hafez-bin-harun
08727,USTAZ MD ANUAR BIN DAUD,L,53,http://pru.sinarharian.com.my/calon/8466/rodzuan-bin-zaaba
08727,RODZUAN BIN ZAABA,L,53,http://pru.sinarharian.com.my/calon/8466/rodzuan-bin-zaaba
08728,ARHAN SALUDIN @ CHENI,L,2022,http://pru.sinarharian.com.my/calon/8470/arhan-saludin
08728,AHMAD ARIF BIN MD DAUD,L,55,http://pru.sinarharian.com.my/calon/1117/syed-ibrahim-syed-ahmad
08728,SYED IBRAHIM BIN SYED AHMAD,L,55,http://pru.sinarharian.com.my/calon/1117/syed-ibrahim-syed-ahmad
08729,NORHASMIMI BINTI ABDUL GHANI,P,47,http://pru.sinarharian.com.my/calon/8473/norhasmimi-binti-abdul-ghani
08729,USTAZ HAJI SHAHRIL AZMAN BIN ABD HALIM AL HAFIZ,L,2022,http://pru.sinarharian.com.my/calon/2173/shahril-azman-abd-halim
08729,USTAZ JAMALUDDIN,L,2022,http://pru.sinarharian.com.my/calon/3407/jamaluddin-abd-rahim
08830,ABDUL WAHAB BIN KADIR,L,2022,http://pru.sinarharian.com.my/calon/8474/abdul-wahab-bin-kadir
08830,WONG TZE SHIANG,L,2022,http://pru.sinarharian.com.my/calon/8475/wong-tze-shiang
08830,CIKGU MOHD YUSOFF,L,2022,http://pru.sinarharian.com.my/calon/8476/mohd-yusoff-abdullah
08830,WOO CHEE WAN,L,2022,http://pru.sinarharian.com.my/calon/3704/woo-chee-wan
08831,JAMIL YAAKUB,L,2022,http://pru.sinarharian.com.my/calon/8477/jamil-yaakub
08831,DATO' RAZMI BIN SUDIN,L,55,http://pru.sinarharian.com.my/calon/8479/zaini-bin-mohamad
08831,HASAN OMAR,L,60,http://pru.sinarharian.com.my/calon/5749/hasan-omar
08831,LT KOL ZAINI BIN MOHAMAD (B),L,55,http://pru.sinarharian.com.my/calon/8479/zaini-bin-mohamad
08831,ROSLI ISMAIL,L,2022,http://pru.sinarharian.com.my/calon/8480/rosli-ismail
08832,SYAFIQ KHAIDIR,L,2022,http://pru.sinarharian.com.my/calon/8245/syafiq-khaidir
08832,HASSANUDDIN SALIM,L,54,http://pru.sinarharian.com.my/calon/4934/hassanuddin-salim
08832,DATO' NOR AZMI BIN MAT LUDIN,L,59,http://pru.sinarharian.com.my/calon/6607/nor-azmi-mat-ludin
08832,AZIZUL SHAH,L,2022,http://pru.sinarharian.com.my/calon/8250/azizul-shah
08933,MOHD SHOKRI,L,2022,http://pru.sinarharian.com.my/calon/4230/mohd-shokri-mahmood
08933,DATO' SRI CHANDRA BALABEDHA,L,2022,http://pru.sinarharian.com.my/calon/8254/chandra-balabedha
08933,WONG SIEW MUN,P,32,http://pru.sinarharian.com.my/calon/8258/wong-siew-mun
08933,LEE CHIN CHEN,L,2022,http://pru.sinarharian.com.my/calon/3851/lee-chin-chen
08934,SU KEONG SIONG,L,2022,http://pru.sinarharian.com.my/calon/5550/thomas-su-keong-siong
08934,WILLIAM TAN,L,2022,http://pru.sinarharian.com.my/calon/8265/william-tan
08934,AMIZAR BIN ABU ADAM,L,2022,http://pru.sinarharian.com.my/calon/8269/amizar-bin-abu-adam
08935,QOMAR,L,2022,http://pru.sinarharian.com.my/calon/8271/nurul-qomar-abdol-talib
08935,KAMACHE DORAY RAJOO,P,52,http://pru.sinarharian.com.my/calon/3852/kamache-ap-a-doray-rajoo
08935,V. ARUMUGAM,L,2022,http://pru.sinarharian.com.my/calon/4742/arumugam-al-vengatarakoo
08936,JOHARI BIN HARUN,L,2022,http://pru.sinarharian.com.my/calon/8277/johari-harun
08936,ISA BIN AHMAD,L,2022,http://pru.sinarharian.com.my/calon/8281/isa-ahmad
08936,AHMED WAFIUDDIN SHAMSURI,L,2022,http://pru.sinarharian.com.my/calon/8285/ahmed-wafiuddin-shamsuri
08936,CIKGU KASIM,L,2022,http://pru.sinarharian.com.my/calon/8286/kasim-samat
09037,JAFARI MOHD YUSOF,L,2022,http://pru.sinarharian.com.my/calon/7810/jafari-mohd-yusof
09037,HJH NOR HASHIMAH,P,2022,http://pru.sinarharian.com.my/calon/7800/nor-hashimah-mat-noh
09037,SABARIAH BINTI SAIDAN,P,2022,http://pru.sinarharian.com.my/calon/7787/sabariah-binti-saidan
09037,HAJAH NORAINI ABDUL GHANI,P,2022,http://pru.sinarharian.com.my/calon/7793/hajah-noraini-abdul-ghani
09038,IZZUDDIN ZULKIFLI,L,2022,http://pru.sinarharian.com.my/calon/7824/izzuddin-zulkifli
09038,YEE CHENG HWA,L,2022,http://pru.sinarharian.com.my/calon/7823/yee-cheng-hwa
09038,LEONG YU MAN,P,2022,http://pru.sinarharian.com.my/calon/3853/leong-yu-man
09039,KHAIZULNIZAM BIN MOHAMAD ZULDIN (ANGAH),L,2022,http://pru.sinarharian.com.my/calon/7829/khaizulnizam-bin-mohamad-zuldin-angah
09039,USTAZ SAFUAN HUSIN,L,2022,http://pru.sinarharian.com.my/calon/7832/ustaz-safuan-husin
09140,USTAZ NAZRI,L,47,http://pru.sinarharian.com.my/calon/4955/nazri-ahmad
09140,BARIRAH MOKHTAR,P,2022,http://pru.sinarharian.com.my/calon/8301/barirah-bt-mohd-mokhtar
09140,DATIN HAJJAH SAMSIAH BINTI HAJI ARSHAD,P,2022,http://pru.sinarharian.com.my/calon/5531/samsiah-arshad
09141,JAAFAR MUSTAFFA,L,2022,http://pru.sinarharian.com.my/calon/8309/jaafar-mustaffa
09141,IR. RAZALI BIN KASSIM,L,2022,http://pru.sinarharian.com.my/calon/4960/razali-kassim
09141,NORLAILY FORIZAD,P,2022,http://pru.sinarharian.com.my/calon/8313/norlaily-forizad
09142,SULAIMAN BIN BAKAR,L,2022,http://pru.sinarharian.com.my/calon/8317/sulaiman-bakar
09142,CIKGU OSMAN BAKAR,L,2022,http://pru.sinarharian.com.my/calon/8317/sulaiman-bakar
09142,MD YUNUS RAMLI,L,2022,http://pru.sinarharian.com.my/calon/4970/md-yunus-ramli
09142,MOHD FADZLI BIN MOHD RAMLY,L,49,http://pru.sinarharian.com.my/calon/1127/mohd-johari-hussain
09142,DATO' SRI HAJI MOHD JOHARI,L,49,http://pru.sinarharian.com.my/calon/1127/mohd-johari-hussain