/calon/1057/aznel-ibrahim,54,1,AZNEL IBRAHIM
/calon/7783/mohamad-amin-roslan,54,1,MOHAMAD AMIN ROSLAN
/calon/7802/mohd-saad-ismail,54,1,MOHD SAAD ISMAIL
/calon/1058/salbiah-mohamed,54,2,SALBIAH MOHAMED
/calon/2101/mohd-noor-abdul-rahman,54,2,MOHD NOOR ABDUL RAHMAN
/calon/5395/ahmad-safwan-mohamad,54,2,AHMAD SAFWAN MOHAMAD
/calon/7898/rohaida-mohamad-yaakub,55,3,ROHAIDA MOHAMAD YAAKUB
/calon/7902/husairi-ariffin,55,3,HUSAIRI ARIFFIN
/calon/7906/mohamad-jamean-zulkepli,55,3,MOHAMAD JAMEAN ZULKEPLI
/calon/7804/mohd-jamil-yahya,55,4,MOHD JAMIL YAHYA
/calon/7808/mohd-sabri-abdul-manaf,55,4,MOHD SABRI ABDUL MANAF
/calon/1060/saarani-mohamad,55,4,SAARANI MOHAMAD
/calon/32/razali-ismail,56,5,RAZALI ISMAIL
/calon/2737/mohd-akmal-kamarudin,56,5,MOHD AKMAL KAMARUDIN
/calon/7817/faizul-rizal-zulkifli,56,5,FAIZUL RIZAL ZULKIFLI
/calon/7840/osman-sidek,56,5,OSMAN SIDEK
/calon/8143/rusli-bakar,56,6,RUSLI BAKAR
/calon/5665/khalil-yahaya,56,6,KHALIL YAHAYA
/calon/8150/osman-ahmad,56,6,OSMAN AHMAD
/calon/8156/fuaddin-kamaruddin,56,6,FUADDIN KAMARUDDIN
/calon/5663/saliza-ahmad,56,7,SALIZA AHMAD
/calon/5666/muhd-aiman-aizuddin-md-husin,56,7,MUHD AIMAN AIZUDDIN MD HUSIN
/calon/749/mohd-najmuddin-elias,56,7,MOHD NAJMUDDIN ELIAS
/calon/8175/zulkifli-yahya,56,7,ZULKIFLI YAHYA
/calon/8178/muhamad-nakhaie-abd-wahab,57,8,MUHAMAD NAKHAIE ABD WAHAB
/calon/5656/shahrul-nizam-razali,57,8,SHAHRUL NIZAM RAZALI
/calon/8183/hakimi-hamzi-mohd-hayat,57,8,HAKIMI HAMZI MOHD HAYAT
/calon/8243/anuar-ahmad,57,9,ANUAR AHMAD
/calon/3391/abdul-yunus-jamhari,57,9,ABDUL YUNUS JAMHARI
/calon/8251/mohd-jamil-jahaya,57,9,MOHD JAMIL JAHAYA
/calon/8253/khairul-azman-ahmad,58,10,KHAIRUL AZMAN AHMAD
/calon/1066/sham-mat-sahat,58,10,SHAM MAT SAHAT
/calon/8256/noor-azman-ghazali,58,10,NOOR AZMAN GHAZALI
/calon/8264/sheikh-khuzaifah-sheikh-abu-bakar,58,11,SHEIKH KHUZAIFAH SHEIKH ABU BAKAR
/calon/2164/razman-zakaria,58,11,RAZMAN ZAKARIA
/calon/8267/nazirul-jamaluddin,58,11,NAZIRUL JAMALUDDIN
/calon/5647/ahmad-saqif-ansorullah-ahmad-jihbadz-mokhlis,58,12,AHMAD SAQIF ANSORULLAH AHMAD JIHBADZ MOKHLIS
/calon/5646/mohamad-noor-dawoo,58,12,MOHAMAD NOOR DAWOO
/calon/8274/sallehuddin-abdullah,58,12,SALLEHUDDIN ABDULLAH
/calon/8278/zainal-azman-abu-seman,59,13,ZAINAL AZMAN ABU SEMAN
/calon/5632/mohd-kamaruddin-abu-bakar,59,13,MOHD KAMARUDDIN ABU BAKAR
/calon/4583/zainal-abidin-abd-rahman,59,13,ZAINAL ABIDIN ABD RAHMAN
/calon/8287/ahmad-man,59,13,AHMAD MAN
/calon/5636/megat-shariffuddin-ibrahim,59,14,MEGAT SHARIFFUDDIN IBRAHIM
/calon/5635/ahmad-saidi-mohamad-daud,59,14,AHMAD SAIDI MOHAMAD DAUD
/calon/8293/nazar-talib,59,14,NAZAR TALIB
/calon/5634/rahim-ismail,59,14,RAHIM ISMAIL
/calon/5638/jamilah-zakaria,59,15,JAMILAH ZAKARIA
/calon/8297/junaida-jamaluddin,59,15,JUNAIDA JAMALUDDIN
/calon/8300/muhd-faisal-abdul-rahman,59,15,MUHD FAISAL ABDUL RAHMAN
/calon/8307/mustafaa-kamal-ariffin-abu-talib,59,15,MUSTAFAA KAMAL ARIFFIN ABU TALIB
/calon/5624/muhd-fadhil-nuruddin,60,16,MUHD FADHIL NURUDDIN
/calon/8311/ahmad-shalimin-ahmad-shaffie,60,16,AHMAD SHALIMIN AHMAD SHAFFIE
/calon/5625/mohd-fakhruddin-abd-aziz,60,16,MOHD FAKHRUDDIN ABD AZIZ
/calon/3837/leow-thye-yih,60,17,LEOW THYE YIH
/calon/8321/ong-seng-guan,60,17,ONG SENG GUAN
/calon/8322/ang-sui-eng,60,17,ANG SUI ENG
/calon/8323/shariful-juhari-abu-kassim,60,17,SHARIFUL JUHARI ABU KASSIM
/calon/4336/mohd-yusoff-abdull-hamid,60,17,MOHD YUSOFF ABDULL HAMID
 <a id="ContentPlaceHolder1_uscKeputusanDun_Repeater2_HyperLink1_59" class="uppercase" href="/calon/3836/teh-kok-lim">P60-N18 TEH KOK LIM</a>
/calon/8335/koay-boon-hui,60,18,KOAY BOON HUI
/calon/8338/shanmuganelloo,60,18,SHANMUGANELLOO
/calon/8342/lee-seng-yap,60,18,LEE SENG YAP
/calon/8347/abu-bakar-abdul-rahman,60,18,ABU BAKAR ABDUL RAHMAN
/calon/8352/mohd-khairul-iwan-mat-khairi,61,19,MOHD KHAIRUL IWAN MAT KHAIRI
/calon/8355/ahmad-rodzi-abdul-rahim,61,19,AHMAD RODZI ABDUL RAHIM
/calon/8356/khairuddin-mohamed-azahari,61,19,KHAIRUDDIN MOHAMED AZAHARI
/calon/8361/syed-lukman-hakim-syed-mohd-zin,61,19,SYED LUKMAN HAKIM SYED MOHD ZIN
/calon/5619/azizi-mohamed-ridzuwan,61,20,AZIZI MOHAMED RIDZUWAN
/calon/8363/mohamad-azir-ismail,61,20,MOHAMAD AZIR ISMAIL
/calon/5522/zaiton-latiff,61,20,ZAITON LATIFF
/calon/8376/zaim-sidqi-zulkifly,62,21,ZAIM SIDQI ZULKIFLY
/calon/1074/mohd-zolkafly-harun,62,21,MOHD ZOLKAFLY HARUN
/calon/8382/ahmad-daslie-osman,62,21,AHMAD DASLIE OSMAN
/calon/3838/loh-sze-yee,62,22,LOH SZE YEE
/calon/8390/naran-singh-asa-singh,62,22,NARAN SINGH ASA SINGH
/calon/8395/pan-chean-chang,62,22,PAN CHEAN CHANG
/calon/8103/r-indrani,62,22,R INDRANI
/calon/2748/asmuni-awi,63,23,ASMUNI AWI
/calon/8403/azizul-kama-abd-aziz,63,23,AZIZUL KAMA ABD AZIZ
/calon/8405/hafez-sabri,63,23,HAFEZ SABRI
/calon/5596/muhamad-arafat-varisai-mahamad,63,24,MUHAMAD ARAFAT VARISAI MAHAMAD
/calon/4830/mazlan-abd-rahman,63,24,MAZLAN ABD RAHMAN
/calon/8409/puteri-holijah-muhamad-rali,63,24,PUTERI HOLIJAH MUHAMAD RALI
/calon/6452/murugiah-al-subramaniam,63,24,MURUGIAH AL SUBRAMANIAM
/calon/5437/jenny-choy-tsi-jen,64,25,JENNY CHOY TSI JEN
/calon/8414/woo-kok-toong,64,25,WOO KOK TOONG
/calon/8417/pang-boon-yang,64,25,PANG BOON YANG
/calon/3025/abdul-aziz-bari,64,26,ABDUL AZIZ BARI
/calon/5439/tony-khoo-boon-chuan,64,26,TONY KHOO BOON CHUAN
/calon/8073/mior-nor-haidir-suhaimi,64,26,MIOR NOR HAIDIR SUHAIMI
/calon/8429/mohammad-iskandar-abd-rahman,64,26,MOHAMMAD ISKANDAR ABD RAHMAN
/calon/8432/goh-see-hua,64,27,GOH SEE HUA
/calon/8435/soo-poh-yeow,64,27,SOO POH YEOW
/calon/8434/lam-kin-yip,64,27,LAM KIN YIP
/calon/3763/ong-boon-piow,65,28,ONG BOON PIOW
/calon/8439/albert-ho-wai-mun,65,28,ALBERT HO WAI MUN
/calon/8440/lim-jin-sheng,65,28,LIM JIN SHENG
/calon/3617/nga-kor-ming,65,29,NGA KOR MING
/calon/8442/richard-ng,65,29,RICHARD NG
/calon/1551/lim-huey-shan,65,29,LIM HUEY SHAN
/calon/8446/thulsi-manogaran,65,30,THULSI MANOGARAN
/calon/3842/sivasubramaniam-al-athinarayanan,65,30,SIVASUBRAMANIAM AL ATHINARAYANAN
/calon/8447/s-jayagopi,65,30,S JAYAGOPI
/calon/8450/muhammad-faiz-abdullah,65,30,MUHAMMAD FAIZ ABDULLAH
/calon/8452/sebastiar,65,30,SEBASTIAR
/calon/7826/hamidah-binti-muhamad,66,31,HAMIDAH BINTI MUHAMAD
/calon/7827/navinten-al-sundarajan,66,31,NAVINTEN AL SUNDARAJAN
/calon/5585/cheah-pou-hian,66,31,CHEAH POU HIAN
/calon/7836/wong-kean-rong,66,32,WONG KEAN RONG
/calon/5587/steven-chaw-kam-foon,66,32,STEVEN CHAW KAM FOON
/calon/7837/phoon-kai-mun,66,32,PHOON KAI MUN
/calon/8276/steven-tiw,66,33,STEVEN TIW
/calon/8279/bryan-yong-wu-sean,66,33,BRYAN YONG WU SEAN
 <a id="ContentPlaceHolder1_uscKeputusanDun_Repeater2_HyperLink1_114" class="uppercase" href="/calon/8280/meor-shahimudin-bin-hj-hasim">P66-N33 MEOR SHAHIMUDIN BIN HJ HASIM</a>
/calon/8283/sin-koon-yen,66,33,SIN KOON YEN
/calon/8284/roslan-bin-ismail,66,33,ROSLAN BIN ISMAIL
/calon/5583/leong-chee-wai,66,33,LEONG CHEE WAI
/calon/7841/hashim-bin-bujang,67,34,HASHIM BIN BUJANG
/calon/7842/azizul-rahim,67,34,AZIZUL RAHIM
/calon/7844/amir-sabri,67,34,AMIR SABRI
/calon/7848/jamsari-mahamood,67,35,JAMSARI MAHAMOOD
/calon/7850/mustafa-shah,67,35,MUSTAFA SHAH
/calon/7857/berhanudin-ahmad,67,35,BERHANUDIN AHMAD
/calon/7861/ahmad-faisal-bin-haji-mansor,68,36,AHMAD FAISAL BIN HAJI MANSOR
/calon/7872/abdul-halim-bin-mat-isa,68,36,ABDUL HALIM BIN MAT ISA
/calon/7885/azman-noh,68,36,AZMAN NOH
/calon/7875/jais-ashfaq,68,36,JAIS ASHFAQ
/calon/3844/wong-may-ing,68,37,WONG MAY ING
/calon/8288/albert-looi-tuan-gin,68,37,ALBERT LOOI TUAN GIN
/calon/8291/eee-chin-oon,68,37,EEE CHIN OON
/calon/8295/ah-yong-ian,68,38,AH YONG IAN
/calon/8299/jason-ng-thien-yeong,68,38,JASON NG THIEN YEONG
/calon/8303/chieng-lee-chong,68,38,CHIENG LEE CHONG
/calon/8308/khairudin-abu-hanipah,69,39,KHAIRUDIN ABU HANIPAH
/calon/4582/shaharuzzaman-bistamam,69,39,SHAHARUZZAMAN BISTAMAM
/calon/8314/meor-naqiuddin,69,39,MEOR NAQIUDDIN
/calon/8316/hishamuddin-abdullah,69,39,HISHAMUDDIN ABDULLAH
/calon/5560/najihatussalehah-ahmad,69,40,NAJIHATUSSALEHAH AHMAD
/calon/3113/usaili-alias,69,40,USAILI ALIAS
/calon/8328/shahril-harahab,69,40,SHAHRIL HARAHAB
/calon/5564/khairul-shahril-mohamed,69,40,KHAIRUL SHAHRIL MOHAMED
/calon/8330/sherry-syed,70,41,SHERRY SYED
/calon/3845/leong-cheok-keng,70,41,LEONG CHEOK KENG
/calon/8333/chin-woon-kheong,70,41,CHIN WOON KHEONG
/calon/8336/bavani-veraiah,70,41,BAVANI VERAIAH
/calon/8337/angeline-koo-haai-yen,70,42,ANGELINE KOO HAAI YEN
/calon/8343/foong-kar-sing,70,42,FOONG KAR SING
/calon/8344/puah-chee-haur,70,42,PUAH CHEE HAUR
/calon/8345/ng-wah-leng,70,42,NG WAH LENG
/calon/8348/pazli-abdullah-sani,70,43,PAZLI ABDULLAH SANI
/calon/5557/mohd-azlan-helmi,70,43,MOHD AZLAN HELMI
/calon/8354/abd-rahman-md-som,70,43,ABD RAHMAN MD SOM
/calon/8357/hang-tuah-din,71,44,HANG TUAH DIN
/calon/8358/roshanita-binti-mohamad-basir,71,44,ROSHANITA BINTI MOHAMAD BASIR
/calon/2742/mohammad-nizar-jamaluddin,71,44,MOHAMMAD NIZAR JAMALUDDIN
/calon/8360/mahader-ayob,71,44,MAHADER AYOB
/calon/8364/k-selvam,71,45,K SELVAM
/calon/8368/lee-wai-yin,71,45,LEE WAI YIN
/calon/8369/hooi-mi-suet,71,45,HOOI MI SUET
/calon/8372/wong-chai-yi,71,45,WONG CHAI YI
/calon/8373/low-leong-sin,71,46,LOW LEONG SIN
/calon/8374/aswannudin-bin-hariffudin,71,46,ASWANNUDIN BIN HARIFFUDIN
/calon/5543/sandrea-ng-shy-ching,71,46,SANDREA NG SHY CHING
/calon/5540/elynn-liew-yee-lin,71,46,ELYNN LIEW YEE LIN
/calon/8378/ahmad-ishak,71,46,AHMAD ISHAK
/calon/8381/mohd-yunus-bin-mohd-yusop,72,47,MOHD YUNUS BIN MOHD YUSOP
/calon/5528/choong-shin-heng,72,47,CHOONG SHIN HENG
/calon/8384/ahmad-tarmizi-bin-mohd-ghazali,72,47,AHMAD TARMIZI BIN MOHD GHAZALI
/calon/8387/atan-katering,72,47,ATAN KATERING
/calon/8392/mohd-amin-bin-man,72,47,MOHD AMIN BIN MAN
/calon/8394/teratai-ap-bah-arom,72,47,TERATAI AP BAH AROM
/calon/8396/atyrah-hanim,72,47,ATYRAH HANIM
/calon/8397/ishsam-shahruddin,72,48,ISHSAM SHAHRUDDIN
/calon/8399/mohd-nazri-hashim,72,48,MOHD NAZRI HASHIM
/calon/8404/muhammad-noor-farid-bin-zainal,72,48,MUHAMMAD NOOR FARID BIN ZAINAL
/calon/8407/maziah-binti-salim,72,48,MAZIAH BINTI SALIM
/calon/6456/bawani-ap-kaniappan,72,48,BAWANI AP KANIAPPAN
/calon/1086/zainol-fadzi-paharudin,73,49,ZAINOL FADZI PAHARUDIN
/calon/5518/mohamad-maharani-md-tasi,73,49,MOHAMAD MAHARANI MD TASI
/calon/463/ibrahim-katop,73,49,IBRAHIM KATOP
/calon/5516/zafarul-azhan-zan,73,50,ZAFARUL AZHAN ZAN
/calon/5520/wan-norashikin-wan-nordin,73,50,WAN NORASHIKIN WAN NORDIN
/calon/8415/mohd-safian-sauri-bin-pandak-abd-samad,73,50,MOHD SAFIAN SAURI BIN PANDAK ABD SAMAD
/calon/8416/mohd-syamsul-bin-alauddin,73,50,MOHD SYAMSUL BIN ALAUDDIN
/calon/8420/mohd-rafiq-bin-mohd,74,51,MOHD RAFIQ BIN MOHD
/calon/8421/nur-inderasyawalis-bin-ahmad-mukhtar,74,51,NUR INDERASYAWALIS BIN AHMAD MUKHTAR
/calon/5507/yahaya-mat-nor,74,51,YAHAYA MAT NOR
/calon/8424/rosli-abd-rahman,74,51,ROSLI ABD RAHMAN
/calon/8426/mohd-norazlee-bin-mohd,74,51,MOHD NORAZLEE BIN MOHD
/calon/8427/norzaman-man,74,52,NORZAMAN MAN
/calon/8430/mohd-azlan-bin-suhaimi,74,52,MOHD AZLAN BIN SUHAIMI
/calon/8431/yahaya-ahmad,74,52,YAHAYA AHMAD
/calon/8433/norhaslinda-zakaria,74,52,NORHASLINDA ZAKARIA
/calon/8436/abdul-razak-nazri,74,52,ABDUL RAZAK NAZRI
/calon/8441/munzirie-kabir,75,53,MUNZIRIE KABIR
/calon/1090/shahrul-zaman-yahya,75,53,SHAHRUL ZAMAN YAHYA
/calon/5492/mohd-mohkheri-jalil,75,53,MOHD MOHKHERI JALIL
/calon/8445/wasanthee-sinnasamy,75,54,WASANTHEE SINNASAMY
/calon/5494/khairudin-tarmizi,75,54,KHAIRUDIN TARMIZI
/calon/8449/khairun-nizam-bin-marsom,75,54,KHAIRUN NIZAM BIN MARSOM
/calon/5481/kong-sun-chin,76,55,KONG SUN CHIN
/calon/8454/suriyanarayanan-sannasy-naidu,76,55,SURIYANARAYANAN SANNASY NAIDU
/calon/8456/woo-kah-leong,76,55,WOO KAH LEONG
/calon/1092/mohd-azhar-jamaluddin,76,56,MOHD AZHAR JAMALUDDIN
/calon/8458/nadziruddin-bin-mohamed-bandi,76,56,NADZIRUDDIN BIN MOHAMED BANDI
/calon/8459/badrul-hisham-bin-badarudin,76,56,BADRUL HISHAM BIN BADARUDIN
/calon/8460/muhammad-amirul-mahfuz,76,56,MUHAMMAD AMIRUL MAHFUZ
/calon/3771/sivanesan-al-achalingam,77,57,SIVANESAN AL ACHALINGAM
/calon/8461/mahhadee-ramli,77,57,MAHHADEE RAMLI
/calon/8462/thilak-raj-gunasekaran,77,57,THILAK RAJ GUNASEKARAN
/calon/5470/elango-al-vadiveloo,77,57,ELANGO AL VADIVELOO
/calon/5475/muhammad-zulfadli-zainal,77,58,MUHAMMAD ZULFADLI ZAINAL
/calon/6743/mohd-zaidi-aziz,77,58,MOHD ZAIDI AZIZ
/calon/8464/meor-muhammad-azim-meor-aznam,77,58,MEOR MUHAMMAD AZIM MEOR AZNAM
/calon/8467/mohd-syahid-bin-mohd-zaini,77,58,MOHD SYAHID BIN MOHD ZAINI
/calon/8468/khairol-najib-hashim,77,59,KHAIROL NAJIB HASHIM
/calon/8469/hazvee-bin-hafiz,77,59,HAZVEE BIN HAFIZ
/calon/8471/salina-samsudin,77,59,SALINA SAMSUDIN
/calon/5474/mohd-amran-ibrahim,77,59,MOHD AMRAN IBRAHIM
