/calon/8170/wong-yap-wah,78,1,WONG YAP WAH
 <a id="ContentPlaceHolder1_uscKeputusanDun_Repeater2_HyperLink1_1" class="uppercase" href="/calon/8182/ho-chi-yang">P78-N1 HO CHI YANG</a>
/calon/8241/lai-chii-wen,78,1,LAI CHII WEN
/calon/1096/wan-rosdy-wan-ismail,78,2,WAN ROSDY WAN ISMAIL
/calon/8242/ismail-bin-mohd-hussin,78,2,ISMAIL BIN MOHD HUSSIN
/calon/2033/abdul-rasid,78,2,ABDUL RASID
/calon/1097/mustapa-long,79,3,MUSTAPA LONG
/calon/8263/ruzi-nata-yusuff,79,3,RUZI NATA YUSUFF
/calon/8266/khaider-kamil,79,3,KHAIDER KAMIL
/calon/8270/mohd-rostam-bin-mustapha,79,3,MOHD ROSTAM BIN MUSTAPHA
/calon/8273/ho-fong-mee,79,4,HO FONG MEE
/calon/5345/rasid-muhamad,79,4,RASID MUHAMAD
/calon/5364/tuan-ibrahim-tuan-man,79,4,TUAN IBRAHIM TUAN MAN
/calon/4096/aishaton-abu-bakar,79,4,AISHATON ABU BAKAR
/calon/470/mohd-soffi-abd-razak,79,5,MOHD SOFFI ABD RAZAK
/calon/3405/rizal-jamin,79,5,RIZAL JAMIN
/calon/8304/embong-lias,79,5,EMBONG LIAS
/calon/1099/abd-aziz-mat-kiram,80,6,ABD AZIZ MAT KIRAM
/calon/8312/shahuddin-bin-abdul-rahman,80,6,SHAHUDDIN BIN ABDUL RAHMAN
/calon/8318/ahmad-sabri-bin-mat-dui,80,6,AHMAD SABRI BIN MAT DUI
/calon/8320/lim-teck-hoe,80,7,LIM TECK HOE
/calon/3849/tengku-zulpuri-shah-raja-puji,80,7,TENGKU ZULPURI SHAH RAJA PUJI
/calon/8327/amirul-mukminin-kuek-abdullah,80,7,AMIRUL MUKMININ KUEK ABDULLAH
/calon/6598/mohd-tahir-kassim,80,7,MOHD TAHIR KASSIM
/calon/8340/fadzli-bin-mohamad-kamal,80,8,FADZLI BIN MOHAMAD KAMAL
/calon/8349/mohd-abd-jawaad-abd-ghafar-razmin,80,8,MOHD ABD JAWAAD ABD GHAFAR RAZMIN
/calon/2761/tengku-shah-amir-tengku-perang,80,8,TENGKU SHAH AMIR TENGKU PERANG
/calon/8370/faezah-ishak,81,9,FAEZAH ISHAK
/calon/8375/mohd-abd-talib-mohd-tahar,81,9,MOHD ABD TALIB MOHD TAHAR
/calon/2762/mohd-zakhwan-ahmad-badarddin,81,9,MOHD ZAKHWAN AHMAD BADARDDIN
/calon/8380/muhamad-fasal-jamlus,81,10,MUHAMAD FASAL JAMLUS
/calon/8386/mohamad-rafly-bin-mohd-satar,81,10,MOHAMAD RAFLY BIN MOHD SATAR
/calon/6631/zuridan-mohd-daud,81,10,ZURIDAN MOHD DAUD
/calon/8393/izzuddin-bin-ismail,81,10,IZZUDDIN BIN ISMAIL
/calon/6634/nazri-ngah,81,11,NAZRI NGAH
/calon/8402/norani-ijam,81,11,NORANI IJAM
/calon/2763/yohanis-ahmad,81,11,YOHANIS AHMAD
/calon/8410/mohd-rosidi-hassan,81,11,MOHD ROSIDI HASSAN
/calon/8406/ridzuan-bin-mansor,81,11,RIDZUAN BIN MANSOR
/calon/7750/zulkifli-mohamed,82,12,ZULKIFLI MOHAMED
/calon/7755/mustaffar-kamal-ab-hamid,82,12,MUSTAFFAR KAMAL AB HAMID
/calon/2764/andansura-rabu,82,12,ANDANSURA RABU
/calon/7770/mohd-pauzi-taib,82,12,MOHD PAUZI TAIB
/calon/7773/joseph-yang-sain-yew,82,12,JOSEPH YANG SAIN YEW
/calon/7723/chan-chun-kuang,82,13,CHAN CHUN KUANG
/calon/7727/khairul-hisham-omar,82,13,KHAIRUL HISHAM OMAR
/calon/7730/zulfadhli-zakariah,82,13,ZULFADHLI ZAKARIAH
/calon/7740/rashidah-abdul-rahman,82,13,RASHIDAH ABDUL RAHMAN
/calon/5937/tee-choon-ser,83,14,TEE CHOON SER
/calon/3409/sim-chon-siang,83,14,SIM CHON SIANG
/calon/8418/ranndy-yap,83,14,RANNDY YAP
/calon/8423/khairul-afifie-bin-abdullah,83,14,KHAIRUL AFIFIE BIN ABDULLAH
/calon/8425/nara-nordin,83,15,NARA NORDIN
/calon/5621/sabrina-md-yusof,83,15,SABRINA MD YUSOF
/calon/2339/rosli-abdul-jabar,83,15,ROSLI ABDUL JABAR
/calon/8437/ab-`alim-bin-ruslam-ahmad,83,15,AB `ALIM BIN RUSLAM AHMAD
/calon/5943/shafik-fauzan-sharif,83,16,SHAFIK FAUZAN SHARIF
/calon/5597/fakhrul-anuar-zulkawi,83,16,FAKHRUL ANUAR ZULKAWI
/calon/8451/mohd-hafizal-mohamed-shah,83,16,MOHD HAFIZAL MOHAMED SHAH
/calon/8453/norashikin-binti-ismail,83,16,NORASHIKIN BINTI ISMAIL
/calon/7989/mejar-anuar-tajuddin-b,84,17,MEJAR ANUAR TAJUDDIN B
/calon/8247/umor-arbain-bin-dollah,84,17,UMOR ARBAIN BIN DOLLAH
/calon/8257/ahmad-omar,84,17,AHMAD OMAR
/calon/8260/ayub-ashri,84,17,AYUB ASHRI
/calon/8262/mohd-yazid-bin-mohd-yunus,84,18,MOHD YAZID BIN MOHD YUNUS
/calon/8275/ibrohim-mazalan,84,18,IBROHIM MAZALAN
/calon/8020/rosminahar-bin-mohd-amin,84,18,ROSMINAHAR BIN MOHD AMIN
/calon/6641/abd-rahim-muda,84,18,ABD RAHIM MUDA
/calon/8289/fauziah-abd-wahab,84,19,FAUZIAH ABD WAHAB
/calon/6190/mohd-tarmizi-yahaya,84,19,MOHD TARMIZI YAHAYA
/calon/8306/haslindalina-hashim,84,19,HASLINDALINA HASHIM
/calon/6649/afif-syairol-abdul-rahim,84,19,AFIF SYAIROL ABDUL RAHIM
/calon/1109/khairuddin-mahmud,85,20,KHAIRUDDIN MAHMUD
/calon/8325/mohammad-rafiq-khan-ahmad-khan,85,20,MOHAMMAD RAFIQ KHAN AHMAD KHAN
/calon/8334/khairil-khalid,85,20,KHAIRIL KHALID
/calon/8339/tugimon-abdul-hamid,85,21,TUGIMON ABDUL HAMID
/calon/6741/tengku-zainul-hisham-tengku-hussin,85,21,TENGKU ZAINUL HISHAM TENGKU HUSSIN
/calon/8353/mohamad-nizar-mohamad-najib,85,21,MOHAMAD NIZAR MOHAMAD NAJIB
/calon/8367/abu-talib-muhammad,85,21,ABU TALIB MUHAMMAD
/calon/8389/ibrahim-sulaiman,85,22,IBRAHIM SULAIMAN
/calon/8400/narzatul-haidar-bin-sakim,85,22,NARZATUL HAIDAR BIN SAKIM
/calon/1111/mohammad-fakhruddin-mohd-ariff,85,22,MOHAMMAD FAKHRUDDIN MOHD ARIFF
/calon/6740/mohd-sharim-md-zain,85,23,MOHD SHARIM MD ZAIN
/calon/8413/mohamad-yazid-bin-che-mat,85,23,MOHAMAD YAZID BIN CHE MAT
/calon/8419/fahrur-rozi-jalaluddin,85,23,FAHRUR ROZI JALALUDDIN
/calon/8422/jamaluddin-md-marzuki,86,24,JAMALUDDIN MD MARZUKI
/calon/6576/mohd-sofian-abd-jalil,86,24,MOHD SOFIAN ABD JALIL
/calon/8428/mohd-afandi-abd-rani,86,24,MOHD AFANDI ABD RANI
/calon/8438/jasri-bin-jamaludin,86,25,JASRI BIN JAMALUDIN
/calon/8444/khairuddin-ali,86,25,KHAIRUDDIN ALI
/calon/8448/amran-bin-tahir,86,25,AMRAN BIN TAHIR
/calon/8455/sham-sukie,86,26,SHAM SUKIE
/calon/8457/saiful-anuar-mokhtar,86,26,SAIFUL ANUAR MOKHTAR
/calon/2172/mujibur-rahman-ishak,86,26,MUJIBUR RAHMAN ISHAK
/calon/8463/mohamad-hafez-bin-harun,87,27,MOHAMAD HAFEZ BIN HARUN
/calon/8465/md-anuar-bin-daud,87,27,MD ANUAR BIN DAUD
/calon/8466/rodzuan-bin-zaaba,87,27,RODZUAN BIN ZAABA
/calon/8470/arhan-saludin,87,28,ARHAN SALUDIN
/calon/8472/ahmad-arif-md-daud,87,28,AHMAD ARIF MD DAUD
/calon/1117/syed-ibrahim-syed-ahmad,87,28,SYED IBRAHIM SYED AHMAD
/calon/8473/norhasmimi-binti-abdul-ghani,87,29,NORHASMIMI BINTI ABDUL GHANI
/calon/2173/shahril-azman-abd-halim,87,29,SHAHRIL AZMAN ABD HALIM
/calon/3407/jamaluddin-abd-rahim,87,29,JAMALUDDIN ABD RAHIM
/calon/8474/abdul-wahab-bin-kadir,88,30,ABDUL WAHAB BIN KADIR
/calon/8475/wong-tze-shiang,88,30,WONG TZE SHIANG
/calon/8476/mohd-yusoff-abdullah,88,30,MOHD YUSOFF ABDULLAH
/calon/3704/woo-chee-wan,88,30,WOO CHEE WAN
/calon/8477/jamil-yaakub,88,31,JAMIL YAAKUB
/calon/8478/razmi-bin-sudin,88,31,RAZMI BIN SUDIN
/calon/5749/hasan-omar,88,31,HASAN OMAR
 <a id="ContentPlaceHolder1_uscKeputusanDun_Repeater2_HyperLink1_110" class="uppercase" href="/calon/8479/zaini-bin-mohamad">P88-N31 ZAINI BIN MOHAMAD</a>
/calon/8480/rosli-ismail,88,31,ROSLI ISMAIL
/calon/8245/syafiq-khaidir,88,32,SYAFIQ KHAIDIR
/calon/4934/hassanuddin-salim,88,32,HASSANUDDIN SALIM
/calon/6607/nor-azmi-mat-ludin,88,32,NOR AZMI MAT LUDIN
/calon/8250/azizul-shah,88,32,AZIZUL SHAH
/calon/4230/mohd-shokri-mahmood,89,33,MOHD SHOKRI MAHMOOD
/calon/8254/chandra-balabedha,89,33,CHANDRA BALABEDHA
/calon/8258/wong-siew-mun,89,33,WONG SIEW MUN
/calon/3851/lee-chin-chen,89,33,LEE CHIN CHEN
/calon/5550/thomas-su-keong-siong,89,34,THOMAS SU KEONG SIONG
/calon/8269/amizar-bin-abu-adam,89,34,AMIZAR BIN ABU ADAM
/calon/8265/william-tan,89,34,WILLIAM TAN
/calon/8271/nurul-qomar-abdol-talib,89,35,NURUL QOMAR ABDOL TALIB
/calon/3852/kamache-ap-a-doray-rajoo,89,35,KAMACHE AP A DORAY RAJOO
/calon/4742/arumugam-al-vengatarakoo,89,35,ARUMUGAM AL VENGATARAKOO
/calon/8277/johari-harun,89,36,JOHARI HARUN
/calon/8281/isa-ahmad,89,36,ISA AHMAD
/calon/8285/ahmed-wafiuddin-shamsuri,89,36,AHMED WAFIUDDIN SHAMSURI
/calon/8286/kasim-samat,89,36,KASIM SAMAT
/calon/7787/sabariah-binti-saidan,90,37,SABARIAH BINTI SAIDAN
/calon/7793/hajah-noraini-abdul-ghani,90,37,HAJAH NORAINI ABDUL GHANI
/calon/7800/nor-hashimah-mat-noh,90,37,NOR HASHIMAH MAT NOH
/calon/7810/jafari-mohd-yusof,90,37,JAFARI MOHD YUSOF
/calon/7823/yee-cheng-hwa,90,38,YEE CHENG HWA
/calon/3853/leong-yu-man,90,38,LEONG YU MAN
/calon/7824/izzuddin-zulkifli,90,38,IZZUDDIN ZULKIFLI
/calon/7829/khaizulnizam-bin-mohamad-zuldin-angah,90,39,KHAIZULNIZAM BIN MOHAMAD ZULDIN ANGAH
/calon/7832/ustaz-safuan-husin,90,39,USTAZ SAFUAN HUSIN
/calon/4955/nazri-ahmad,91,40,NAZRI AHMAD
/calon/8301/barirah-bt-mohd-mokhtar,91,40,BARIRAH BT MOHD MOKHTAR
/calon/5531/samsiah-arshad,91,40,SAMSIAH ARSHAD
/calon/8309/jaafar-mustaffa,91,41,JAAFAR MUSTAFFA
/calon/4960/razali-kassim,91,41,RAZALI KASSIM
/calon/8313/norlaily-forizad,91,41,NORLAILY FORIZAD
/calon/8317/sulaiman-bakar,91,42,SULAIMAN BAKAR
/calon/6240/osman-a-bakar,91,42,OSMAN A BAKAR
/calon/4970/md-yunus-ramli,91,42,MD YUNUS RAMLI
/calon/2779/mohd-fadzli-mohd-ramly,91,42,MOHD FADZLI MOHD RAMLY
/calon/1127/mohd-johari-hussain,91,42,MOHD JOHARI HUSSAIN
